<?xml version="1.0" encoding="UTF-8" standalone="yes"?>
<addon id="plugin.video.usbwizard" name="USB-SDCARD WIZARD FORK" version="3.0.3" provider-name="Python Crew">
  <requires>
    <import addon="xbmc.python" version="2.14.0"/>
  </requires>
  <extension point="xbmc.python.pluginsource" library="default.py">
        <provides>video executable</provides>
  </extension>
  <extension point="xbmc.addon.metadata">
    <summary lang="en">USB-SDCARD WIZARD FORK</summary>
    <description lang="en">Configure Kodi with all the Best Goodies from the Python Crew.</description>
    <platform>all</platform>
  </extension>
</addon>
