<?xml version="1.0" encoding="UTF-8" standalone="yes"?>
<addon id="plugin.video.pstine.tutorials"
	name="P-stine Tutorials"
	version="1.0"
	provider-name="Stream Town">
  <requires>
    <import addon="xbmc.python" version="2.1.0"/>
    <import addon="script.module.addon.common" version="2.0.0"/>
    <import addon="plugin.video.youtube" version="5.0.0"/>
  </requires>
  <extension point="xbmc.python.pluginsource" library="default.py">
    <provides>video</provides>
  </extension>
  <extension point="xbmc.addon.metadata">
    <summary lang="en">Streaming Done Right</summary>
    <description lang="en">This Add-on will provide you information and video tutorials on how to use the P-stine build/Wizard. for more information contact us at: 505 910-9287 or email us at: streamtownofficial@gmail.com</description>
    <platform>all</platform>
    <forum>n/a</forum>
    <website>http://youtube.com</website>
  </extension>
</addon>
