<?xml version="1.0" encoding="UTF-8" standalone="yes"?>
<addon id="plugin.video.kobein"
       name="[COLOR purple]KobeIN[/COLOR]"
       version="1.0.0"
       provider-name="P-Stine">
  <requires>
    <import addon="xbmc.python" version="2.24.0"/>
  </requires>
  <extension point="xbmc.python.pluginsource" library="default.py">
    <provides>video</provides>
  </extension>
  <extension point="xbmc.addon.metadata">
    <platform>all</platform>
    <language>sq</language>
    <summary lang="en"></summary>
    <summary lang="sq"> </summary>
    <description lang="en">  stream beIN sports from around the world. All streams are not hosted or affiliated by us. </description>
    <description lang="nb"> stream beIN sports from around the world. All streams are not hosted or affiliated by us.</description>
    <license>GNU GENERAL PUBLIC LICENSE. Version 2, June 1991</license>
    <forum></forum>
    <source></source>
  </extension>
</addon>
