<?xml version="1.0" encoding="UTF-8" standalone="yes"?>
<addon id="repository.pstinerepo" name="P-stine Repo" version="0.0.1" provider-name="Stream Town">
	<extension point="xbmc.addon.repository" name="P-stine Repo">
        <info compressed="false">https://github.com/streamtownofficial/repository.pstinerepo/raw/master/addons.xml</info>
        <checksum>https://github.com/streamtownofficial/repository.pstinerepo/raw/master/addons.xml.md5</checksum>
        <datadir zip="true">https://github.com/streamtownofficial/repository.pstinerepo/raw/master/zips</datadir>
    </extension>
    <extension point="xbmc.addon.metadata">
        <summary>Official Repo for P-stine</summary>
        <description>install add-ons made by the P-stine Team. also will have different add-ons by different developers..</description>
        <platform>all</platform>
    </extension>
</addon>